country,period,variable,level,usable_pct,unusable_pct,n
All,2011-2016,Child sex,female,82.98084449234906,17.019156,143249
All,2011-2016,Child sex,male,81.98904690059086,18.010954,154995
All,2017-2022,Child sex,female,83.29818712623329,16.701813,129381
All,2017-2022,Child sex,male,83.02438081231996,16.975618,139038
Bangladesh,2011-2016,Child sex,female,88.52503186208946,11.474968,8076
Bangladesh,2011-2016,Child sex,male,87.51235238652244,12.487648,8563
Bangladesh,2017-2022,Child sex,female,67.57474570527336,32.425255,8461
Bangladesh,2017-2022,Child sex,male,67.81327898638281,32.186722,9082
India,2011-2016,Child sex,female,86.83089716982327,13.169103,124478
India,2011-2016,Child sex,male,85.67889426124977,14.321106,135058
India,2017-2022,Child sex,female,87.65781482949942,12.342185,112190
India,2017-2022,Child sex,male,87.13918297959248,12.860817,120606
Nepal,2011-2016,Child sex,female,45.79511842488774,54.20488,4937
Nepal,2011-2016,Child sex,male,44.99457516060725,55.005424,5407
Nepal,2017-2022,Child sex,female,49.34065240807474,50.659348,2529
Nepal,2017-2022,Child sex,male,47.99974169404736,52.000259,2843
Pakistan,2011-2016,Child sex,female,28.73117641665415,71.268822,5758
Pakistan,2011-2016,Child sex,male,28.08581748811014,71.914185,5967
Pakistan,2017-2022,Child sex,female,32.48586324883723,67.514137,6201
Pakistan,2017-2022,Child sex,male,33.79011253658674,66.209885,6507
All,2011-2016,Maternal education,higher,82.79565753529377,17.204342,27740
All,2011-2016,Maternal education,no education,78.84293313300745,21.157066,94846
All,2011-2016,Maternal education,primary,81.78694877338852,18.213051,46567
All,2011-2016,Maternal education,secondary,85.19267653561722,14.807323,129091
All,2017-2022,Maternal education,higher,83.68114518591175,16.318855,36749
All,2017-2022,Maternal education,no education,79.9366801643303,20.06332,60092
All,2017-2022,Maternal education,primary,80.23719995923761,19.7628,38362
All,2017-2022,Maternal education,secondary,85.2190652469593,14.780934,133216
Bangladesh,2011-2016,Maternal education,higher,88.13518214533458,11.864818,1518
Bangladesh,2011-2016,Maternal education,no education,87.03291454604461,12.967086,2920
Bangladesh,2011-2016,Maternal education,primary,87.78574533642737,12.214254,4890
Bangladesh,2011-2016,Maternal education,secondary,88.5290417222233,11.470959,7311
Bangladesh,2017-2022,Maternal education,higher,67.78617933590645,32.213821,3021
Bangladesh,2017-2022,Maternal education,no education,67.93075043637914,32.069248,1191
Bangladesh,2017-2022,Maternal education,primary,68.26407307235736,31.735928,4656
Bangladesh,2017-2022,Maternal education,secondary,67.35072421211345,32.649277,8675
India,2011-2016,Maternal education,higher,85.85227873555981,14.147721,23943
India,2011-2016,Maternal education,no education,85.14352637730586,14.856474,81080
India,2011-2016,Maternal education,primary,86.19048080476387,13.809519,37931
India,2011-2016,Maternal education,secondary,87.04791067668263,12.952089,116582
India,2017-2022,Maternal education,higher,86.81944465367377,13.180555,31730
India,2017-2022,Maternal education,no education,85.98098116204331,14.019019,51189
India,2017-2022,Maternal education,primary,87.20799151003766,12.792008,30075
India,2017-2022,Maternal education,secondary,88.20088105882316,11.799119,119802
Nepal,2011-2016,Maternal education,higher,45.53488488527876,54.465115,1002
Nepal,2011-2016,Maternal education,no education,45.37231119219979,54.627689,4151
Nepal,2011-2016,Maternal education,primary,44.86690137063763,55.133099,2061
Nepal,2011-2016,Maternal education,secondary,45.68827345008305,54.311726,3130
Nepal,2017-2022,Maternal education,higher,54.33009655534081,45.669903,176
Nepal,2017-2022,Maternal education,no education,47.02643947139166,52.97356,1180
Nepal,2017-2022,Maternal education,primary,49.72122687279762,50.278774,1914
Nepal,2017-2022,Maternal education,secondary,47.95603953269925,52.043961,2102
Pakistan,2011-2016,Maternal education,higher,30.84540035595512,69.154602,1277
Pakistan,2011-2016,Maternal education,no education,26.83299998292955,73.167,6695
Pakistan,2011-2016,Maternal education,primary,29.30162319600681,70.69838,1685
Pakistan,2011-2016,Maternal education,secondary,31.49259039406106,68.507408,2068
Pakistan,2017-2022,Maternal education,higher,36.91033841359878,63.089661,1822
Pakistan,2017-2022,Maternal education,no education,32.49208374851894,67.507919,6532
Pakistan,2017-2022,Maternal education,primary,30.15516606376761,69.844833,1717
Pakistan,2017-2022,Maternal education,secondary,34.7358152749308,65.264183,2637
All,2011-2016,Residence,rural,82.8467263164043,17.153275,222792
All,2011-2016,Residence,urban,81.4778908954122,18.52211,75452
All,2017-2022,Residence,rural,84.21232424705948,15.787676,206979
All,2017-2022,Residence,urban,80.39487002226505,19.605129,61440
Bangladesh,2011-2016,Residence,rural,88.18038087248941,11.819619,11477
Bangladesh,2011-2016,Residence,urban,87.43120328728735,12.568797,5162
Bangladesh,2017-2022,Residence,rural,68.62948746876071,31.370512,11590
Bangladesh,2017-2022,Residence,urban,65.21167622674793,34.788322,5953
India,2011-2016,Residence,rural,86.56980849752361,13.430191,198175
India,2011-2016,Residence,urban,85.35670162900102,14.643298,61361
India,2017-2022,Residence,rural,87.95998038546564,12.04002,185604
India,2017-2022,Residence,urban,85.81645772336186,14.183542,47192
Nepal,2011-2016,Residence,rural,45.43830500279885,54.561695,6385
Nepal,2011-2016,Residence,urban,45.24803119024884,54.751968,3959
Nepal,2017-2022,Residence,rural,47.9744520212346,52.025547,2686
Nepal,2017-2022,Residence,urban,48.9947880090252,51.005211,2686
Pakistan,2011-2016,Residence,rural,27.63268972792844,72.36731,6755
Pakistan,2011-2016,Residence,urban,30.26814252972633,69.731857,4970
Pakistan,2017-2022,Residence,rural,32.6674120033451,67.332588,7099
Pakistan,2017-2022,Residence,urban,34.14727905793578,65.852722,5609
All,2011-2016,Wealth quintile,middle,82.65847595156978,17.341524,59157
All,2011-2016,Wealth quintile,poorer,82.79121376714859,17.208786,69140
All,2011-2016,Wealth quintile,poorest,81.68125461885049,18.318745,78136
All,2011-2016,Wealth quintile,richer,83.26720861885384,16.732792,50228
All,2011-2016,Wealth quintile,richest,82.06098134534967,17.939018,41583
All,2017-2022,Wealth quintile,middle,83.6617062233709,16.338293,51896
All,2017-2022,Wealth quintile,poorer,83.89514423651472,16.104856,62006
All,2017-2022,Wealth quintile,poorest,82.62814670982611,17.371853,71993
All,2017-2022,Wealth quintile,richer,83.7362296076397,16.263771,45547
All,2017-2022,Wealth quintile,richest,81.66746728801265,18.332533,36977
Bangladesh,2011-2016,Wealth quintile,middle,89.16239948548565,10.837601,3177
Bangladesh,2011-2016,Wealth quintile,poorer,87.15236977848913,12.847631,3214
Bangladesh,2011-2016,Wealth quintile,poorest,88.05572486249314,11.944275,3672
Bangladesh,2011-2016,Wealth quintile,richer,87.96881094093544,12.031189,3324
Bangladesh,2011-2016,Wealth quintile,richest,87.66179334001311,12.338206,3252
Bangladesh,2017-2022,Wealth quintile,middle,67.78246107468368,32.217541,3311
Bangladesh,2017-2022,Wealth quintile,poorer,67.3504649201446,32.649536,3533
Bangladesh,2017-2022,Wealth quintile,poorest,68.32748824885209,31.672512,3809
Bangladesh,2017-2022,Wealth quintile,richer,68.21127232992239,31.788727,3423
Bangladesh,2017-2022,Wealth quintile,richest,66.74796921975252,33.252029,3467
India,2011-2016,Wealth quintile,middle,86.43075626330216,13.569243,51742
India,2011-2016,Wealth quintile,poorer,86.68745191031414,13.312548,61423
India,2011-2016,Wealth quintile,poorest,85.29228120137692,14.707719,68694
India,2011-2016,Wealth quintile,richer,87.08478927511867,12.915211,42911
India,2011-2016,Wealth quintile,richest,85.83695279700112,14.163047,34766
India,2017-2022,Wealth quintile,middle,88.19410562162162,11.805895,45067
India,2017-2022,Wealth quintile,poorer,87.89536888120533,12.104631,54462
India,2017-2022,Wealth quintile,poorest,86.56373114260656,13.436269,63406
India,2017-2022,Wealth quintile,richer,88.14517709163817,11.854823,39063
India,2017-2022,Wealth quintile,richest,86.08943981018147,13.910561,30798
Nepal,2011-2016,Wealth quintile,middle,48.30249565164659,51.697506,1981
Nepal,2011-2016,Wealth quintile,poorer,44.15262496083454,55.847374,2154
Nepal,2011-2016,Wealth quintile,poorest,44.26328010717623,55.736721,3022
Nepal,2011-2016,Wealth quintile,richer,46.5255586452438,53.474442,1802
Nepal,2011-2016,Wealth quintile,richest,43.15533205847494,56.844669,1385
Nepal,2017-2022,Wealth quintile,middle,48.70747162290153,51.29253,1008
Nepal,2017-2022,Wealth quintile,poorer,49.80038009368599,50.199619,1106
Nepal,2017-2022,Wealth quintile,poorest,47.06215756141477,52.937843,1871
Nepal,2017-2022,Wealth quintile,richer,47.60202064368501,52.39798,839
Nepal,2017-2022,Wealth quintile,richest,50.78664659803653,49.213352,548
Pakistan,2011-2016,Wealth quintile,middle,26.83196052301328,73.168037,2257
Pakistan,2011-2016,Wealth quintile,poorer,26.88602247647416,73.113976,2349
Pakistan,2011-2016,Wealth quintile,poorest,25.21832663553968,74.78167,2748
Pakistan,2011-2016,Wealth quintile,richer,34.04485638128777,65.955147,2191
Pakistan,2011-2016,Wealth quintile,richest,30.18662557828609,69.813377,2180
Pakistan,2017-2022,Wealth quintile,middle,32.45761264199701,67.542389,2510
Pakistan,2017-2022,Wealth quintile,poorer,34.45822274807283,65.541779,2905
Pakistan,2017-2022,Wealth quintile,poorest,30.14234295131358,69.857658,2907
Pakistan,2017-2022,Wealth quintile,richer,34.9084775939475,65.091522,2222
Pakistan,2017-2022,Wealth quintile,richest,34.40498438542395,65.595016,2164
